"rgn_id","pressure_score"
6,0.0177807
3,0.0177807
5,0.0177807
4,0.0177807
7,0.0177807
1,0.0177807
2,0.0177807
