"rgn_id","pressure_score"
6,0.204098170200407
3,0.204098170200407
5,0.204098170200407
4,0.204098170200407
7,0.204098170200407
1,0.204098170200407
2,0.204098170200407
