"rgn_id","pressure_score"
6,0.404853184546523
3,0.404853184546523
5,0.404853184546523
4,0.404853184546523
7,0.404853184546523
1,0.404853184546523
2,0.404853184546523
