"rgn_id","pressure_score"
6,0.901569239243685
3,0.901569239243685
5,0.901569239243685
4,0.901569239243685
7,0.901569239243685
1,0.901569239243685
2,0.901569239243685
