"rgn_id","trend"
6,-0.0564627419204039
3,-0.0564627419204039
5,-0.0564627419204039
4,-0.0564627419204039
7,-0.0564627419204039
1,-0.0564627419204039
2,-0.0564627419204039
