"rgn_id","trend.score"
6,-0.895884959671986
3,-0.895884959671986
5,-0.895884959671986
4,-0.895884959671986
7,-0.895884959671986
1,-0.895884959671986
2,-0.895884959671986
