"rgn_id","trend"
6,0.00294829808572714
3,0.00294829808572714
5,0.00294829808572714
4,0.00294829808572714
7,0.00294829808572714
1,0.00294829808572714
2,0.00294829808572714
