"rgn_id","trend.score"
6,-0.440674753601262
3,-0.440674753601262
5,-0.440674753601262
4,-0.440674753601262
7,-0.440674753601262
1,-0.440674753601262
2,-0.440674753601262
