"rgn_id","resilience.score"
6,0.73595386904761
3,0.73595386904761
5,0.73595386904761
4,0.73595386904761
7,0.73595386904761
1,0.73595386904761
2,0.73595386904761
