"rgn_id","resilience.score"
6,0.801575757575758
3,0.801575757575758
5,0.801575757575758
4,0.801575757575758
7,0.801575757575758
1,0.801575757575758
2,0.801575757575758
