"rgn_id","resilience.score"
6,0.770605158730147
3,0.770605158730147
5,0.770605158730147
4,0.770605158730147
7,0.770605158730147
1,0.770605158730147
2,0.770605158730147
