"rgn_id","pressure_score"
6,0.254697626010633
3,0.254697626010633
5,0.254697626010633
4,0.254697626010633
7,0.254697626010633
1,0.254697626010633
2,0.254697626010633
