"rgn_id","pressure_score"
6,0.329877762942338
3,0.329877762942338
5,0.329877762942338
4,0.329877762942338
7,0.329877762942338
1,0.329877762942338
2,0.329877762942338
