"rgn_id","pressure_score"
6,0.0509356661172125
3,0.0509356661172125
5,0.0509356661172125
4,0.0509356661172125
7,0.0509356661172125
1,0.0509356661172125
2,0.0509356661172125
