"rgn_id","resilience.score"
6,0.886363636363636
3,0.886363636363636
5,0.886363636363636
4,0.886363636363636
7,0.886363636363636
1,0.886363636363636
2,0.886363636363636
