"rgn_id","pressure_score"
1,0.00701250972626065
2,0.00713717856195894
3,0.00239786726009683
4,0.00182011580583882
5,0.0207510466833402
6,0.0504775168779588
7,0.00406696508454569
