"rgn_id","score"
6,0.664285714285714
3,0.664285714285714
5,0.664285714285714
4,0.664285714285714
7,0.664285714285714
1,0.664285714285714
2,0.664285714285714
