"rgn_id","resilience.score"
6,0.302877265729
3,0.302877265729
5,0.302877265729
4,0.302877265729
7,0.302877265729
1,0.302877265729
2,0.302877265729
