"rgn_id","pressure_score"
6,0.143488844518911
3,0.143488844518911
5,0.143488844518911
4,0.143488844518911
7,0.143488844518911
1,0.143488844518911
2,0.143488844518911
