"rgn_id","pressure_score"
6,0.128349102922695
3,0.128349102922695
5,0.128349102922695
4,0.128349102922695
7,0.128349102922695
1,0.128349102922695
2,0.128349102922695
