"rgn_id","pressure_score"
6,0.0216674
3,0.0216674
5,0.0216674
4,0.0216674
7,0.0216674
1,0.0216674
2,0.0216674
