"rgn_id","pressure_score"
6,0.0613399
3,0.0613399
5,0.0613399
4,0.0613399
7,0.0613399
1,0.0613399
2,0.0613399
