"rgn_id","pressure_score"
6,0.129515185420314
3,0.129515185420314
5,0.129515185420314
4,0.129515185420314
7,0.129515185420314
1,0.129515185420314
2,0.129515185420314
