"rgn_id","pressure_score"
6,0.511926518313786
3,0.511926518313786
5,0.511926518313786
4,0.511926518313786
7,0.511926518313786
1,0.511926518313786
2,0.511926518313786
