"rgn_id","pressures.score"
6,0.010404978042383
3,0.010404978042383
5,0.010404978042383
4,0.010404978042383
7,0.010404978042383
1,0.010404978042383
2,0.010404978042383
