"rgn_id","score"
6,0.898620433901905
3,0.898620433901905
5,0.898620433901905
4,0.898620433901905
7,0.898620433901905
1,0.898620433901905
2,0.898620433901905
