"rgn_id","score"
6,0.919517394484952
3,0.919517394484952
5,0.919517394484952
4,0.919517394484952
7,0.919517394484952
1,0.919517394484952
2,0.919517394484952
