"rgn_id","score"
6,-0.0530281488386253
3,-0.0530281488386253
5,-0.0530281488386253
4,-0.0530281488386253
7,-0.0530281488386253
1,-0.0530281488386253
2,-0.0530281488386253
