"rgn_id","score"
6,0.294667409344111
3,0.294667409344111
5,0.294667409344111
4,0.294667409344111
7,0.294667409344111
1,0.294667409344111
2,0.294667409344111
