"rgn_id","resilience.score"
6,0.638888888888833
3,0.638888888888833
5,0.638888888888833
4,0.638888888888833
7,0.638888888888833
1,0.638888888888833
2,0.638888888888833
