"rgn_id","score"
6,0.705332590655889
3,0.705332590655889
5,0.705332590655889
4,0.705332590655889
7,0.705332590655889
1,0.705332590655889
2,0.705332590655889
